sample	unit	library	flowcell	platform	lane	sample_id	barcode	fq1	fq2	kb1	kb2
25N04478	1	Lane5	2332T2LT4	ILLUMINA	5	25N04478	25N04478_Lane5	fastqs/LOSH_010/L_25N04478_CKDL250033622-1A_2332T2LT4_L5_1.fq.gz	fastqs/LOSH_010/L_25N04478_CKDL250033622-1A_2332T2LT4_L5_2.fq.gz	7737124.748	7519579.829
25N04479	1	Lane4	2332T2LT4	ILLUMINA	4	25N04479	25N04479_Lane4	fastqs/LOSH_011/L_25N04479_CKDL250033623-1A_2332T2LT4_L4_1.fq.gz	fastqs/LOSH_011/L_25N04479_CKDL250033623-1A_2332T2LT4_L4_2.fq.gz	6630426.891	6502361.581
25N04480	1	Lane5	2332T2LT4	ILLUMINA	5	25N04480	25N04480_Lane5	fastqs/LOSH_010/L_25N04480_CKDL250033622-1A_2332T2LT4_L5_1.fq.gz	fastqs/LOSH_010/L_25N04480_CKDL250033622-1A_2332T2LT4_L5_2.fq.gz	8251782.773	8087104.732
25N04481	1	Lane5	2332T2LT4	ILLUMINA	5	25N04481	25N04481_Lane5	fastqs/LOSH_010/L_25N04481_CKDL250033622-1A_2332T2LT4_L5_1.fq.gz	fastqs/LOSH_010/L_25N04481_CKDL250033622-1A_2332T2LT4_L5_2.fq.gz	4497855.984	4402302.51
25N04482	1	Lane5	2332T2LT4	ILLUMINA	5	25N04482	25N04482_Lane5	fastqs/LOSH_010/L_25N04482_CKDL250033622-1A_2332T2LT4_L5_1.fq.gz	fastqs/LOSH_010/L_25N04482_CKDL250033622-1A_2332T2LT4_L5_2.fq.gz	9103660.637	8964262.657
25N04483	1	Lane7	2335FYLT4	ILLUMINA	7	25N04483	25N04483_Lane7	fastqs/LOSH_009/L_25N04483_CKDL250033621-1A_2335FYLT4_L7_1.fq.gz	fastqs/LOSH_009/L_25N04483_CKDL250033621-1A_2335FYLT4_L7_2.fq.gz	10258122.092	10073168.853
25N04484	1	Lane7	2335FYLT4	ILLUMINA	7	25N04484	25N04484_Lane7	fastqs/LOSH_009/L_25N04484_CKDL250033621-1A_2335FYLT4_L7_1.fq.gz	fastqs/LOSH_009/L_25N04484_CKDL250033621-1A_2335FYLT4_L7_2.fq.gz	10772002.838	10597959.573
25N04485	1	Lane5	2332T2LT4	ILLUMINA	5	25N04485	25N04485_Lane5	fastqs/LOSH_010/L_25N04485_CKDL250033622-1A_2332T2LT4_L5_1.fq.gz	fastqs/LOSH_010/L_25N04485_CKDL250033622-1A_2332T2LT4_L5_2.fq.gz	7724427.065	7395231.156
25N04486	1	Lane5	2332T2LT4	ILLUMINA	5	25N04486	25N04486_Lane5	fastqs/LOSH_010/L_25N04486_CKDL250033622-1A_2332T2LT4_L5_1.fq.gz	fastqs/LOSH_010/L_25N04486_CKDL250033622-1A_2332T2LT4_L5_2.fq.gz	6988025.572	6760330.089
25N04487	1	Lane5	2332T2LT4	ILLUMINA	5	25N04487	25N04487_Lane5	fastqs/LOSH_010/L_25N04487_CKDL250033622-1A_2332T2LT4_L5_1.fq.gz	fastqs/LOSH_010/L_25N04487_CKDL250033622-1A_2332T2LT4_L5_2.fq.gz	7472452.606	7261425.833
25N04488	1	Lane5	2332T2LT4	ILLUMINA	5	25N04488	25N04488_Lane5	fastqs/LOSH_010/L_25N04488_CKDL250033622-1A_2332T2LT4_L5_1.fq.gz	fastqs/LOSH_010/L_25N04488_CKDL250033622-1A_2332T2LT4_L5_2.fq.gz	8330608.401	8149959.262
25N04489	1	Lane7	2335FYLT4	ILLUMINA	7	25N04489	25N04489_Lane7	fastqs/LOSH_009/L_25N04489_CKDL250033621-1A_2335FYLT4_L7_1.fq.gz	fastqs/LOSH_009/L_25N04489_CKDL250033621-1A_2335FYLT4_L7_2.fq.gz	8351110.097	8231266.774
25N04490	1	Lane5	2332T2LT4	ILLUMINA	5	25N04490	25N04490_Lane5	fastqs/LOSH_010/L_25N04490_CKDL250033622-1A_2332T2LT4_L5_1.fq.gz	fastqs/LOSH_010/L_25N04490_CKDL250033622-1A_2332T2LT4_L5_2.fq.gz	7399489.968	7192430.11
25N04491	1	Lane5	2332T2LT4	ILLUMINA	5	25N04491	25N04491_Lane5	fastqs/LOSH_010/L_25N04491_CKDL250033622-1A_2332T2LT4_L5_1.fq.gz	fastqs/LOSH_010/L_25N04491_CKDL250033622-1A_2332T2LT4_L5_2.fq.gz	7603133.778	7368721.991
25N04492	1	Lane4	2332T2LT4	ILLUMINA	4	25N04492	25N04492_Lane4	fastqs/LOSH_011/L_25N04492_CKDL250033623-1A_2332T2LT4_L4_1.fq.gz	fastqs/LOSH_011/L_25N04492_CKDL250033623-1A_2332T2LT4_L4_2.fq.gz	6166855.852	6058214.589
25N04493	1	Lane7	2335FYLT4	ILLUMINA	7	25N04493	25N04493_Lane7	fastqs/LOSH_009/L_25N04493_CKDL250033621-1A_2335FYLT4_L7_1.fq.gz	fastqs/LOSH_009/L_25N04493_CKDL250033621-1A_2335FYLT4_L7_2.fq.gz	7980576.903	7787981.071
25N04494	1	Lane7	2335FYLT4	ILLUMINA	7	25N04494	25N04494_Lane7	fastqs/LOSH_009/L_25N04494_CKDL250033621-1A_2335FYLT4_L7_1.fq.gz	fastqs/LOSH_009/L_25N04494_CKDL250033621-1A_2335FYLT4_L7_2.fq.gz	7196011.203	7036265.77
25N04495	1	Lane7	2335FYLT4	ILLUMINA	7	25N04495	25N04495_Lane7	fastqs/LOSH_009/L_25N04495_CKDL250033621-1A_2335FYLT4_L7_1.fq.gz	fastqs/LOSH_009/L_25N04495_CKDL250033621-1A_2335FYLT4_L7_2.fq.gz	9290648.299	9098529.481
25N04496	1	Lane7	2335FYLT4	ILLUMINA	7	25N04496	25N04496_Lane7	fastqs/LOSH_009/L_25N04496_CKDL250033621-1A_2335FYLT4_L7_1.fq.gz	fastqs/LOSH_009/L_25N04496_CKDL250033621-1A_2335FYLT4_L7_2.fq.gz	10774003.322	10564228.205
25N04497	1	Lane7	2335FYLT4	ILLUMINA	7	25N04497	25N04497_Lane7	fastqs/LOSH_009/L_25N04497_CKDL250033621-1A_2335FYLT4_L7_1.fq.gz	fastqs/LOSH_009/L_25N04497_CKDL250033621-1A_2335FYLT4_L7_2.fq.gz	8704955.337	8408748.516
25N04498	1	Lane7	2335FYLT4	ILLUMINA	7	25N04498	25N04498_Lane7	fastqs/LOSH_009/L_25N04498_CKDL250033621-1A_2335FYLT4_L7_1.fq.gz	fastqs/LOSH_009/L_25N04498_CKDL250033621-1A_2335FYLT4_L7_2.fq.gz	7933969.377	7777844.085
25N04499	1	Lane7	2335FYLT4	ILLUMINA	7	25N04499	25N04499_Lane7	fastqs/LOSH_009/L_25N04499_CKDL250033621-1A_2335FYLT4_L7_1.fq.gz	fastqs/LOSH_009/L_25N04499_CKDL250033621-1A_2335FYLT4_L7_2.fq.gz	11657180.352	11286298.162
25N04500	1	Lane7	2335FYLT4	ILLUMINA	7	25N04500	25N04500_Lane7	fastqs/LOSH_009/L_25N04500_CKDL250033621-1A_2335FYLT4_L7_1.fq.gz	fastqs/LOSH_009/L_25N04500_CKDL250033621-1A_2335FYLT4_L7_2.fq.gz	10383234.362	10132160.298
25N04501	1	Lane5	2332T2LT4	ILLUMINA	5	25N04501	25N04501_Lane5	fastqs/LOSH_010/L_25N04501_CKDL250033622-1A_2332T2LT4_L5_1.fq.gz	fastqs/LOSH_010/L_25N04501_CKDL250033622-1A_2332T2LT4_L5_2.fq.gz	8440293.136	8263618.362
25N04502	1	Lane5	2332T2LT4	ILLUMINA	5	25N04502	25N04502_Lane5	fastqs/LOSH_010/L_25N04502_CKDL250033622-1A_2332T2LT4_L5_1.fq.gz	fastqs/LOSH_010/L_25N04502_CKDL250033622-1A_2332T2LT4_L5_2.fq.gz	4627758.23	4516579.425
25N04503	1	Lane7	2335FYLT4	ILLUMINA	7	25N04503	25N04503_Lane7	fastqs/LOSH_009/L_25N04503_CKDL250033621-1A_2335FYLT4_L7_1.fq.gz	fastqs/LOSH_009/L_25N04503_CKDL250033621-1A_2335FYLT4_L7_2.fq.gz	5585493.553	5505299.384
25N04504	1	Lane7	2335FYLT4	ILLUMINA	7	25N04504	25N04504_Lane7	fastqs/LOSH_009/L_25N04504_CKDL250033621-1A_2335FYLT4_L7_1.fq.gz	fastqs/LOSH_009/L_25N04504_CKDL250033621-1A_2335FYLT4_L7_2.fq.gz	3492581.849	3438332.297
25N04505	1	Lane7	2335FYLT4	ILLUMINA	7	25N04505	25N04505_Lane7	fastqs/LOSH_009/L_25N04505_CKDL250033621-1A_2335FYLT4_L7_1.fq.gz	fastqs/LOSH_009/L_25N04505_CKDL250033621-1A_2335FYLT4_L7_2.fq.gz	4011059.182	3855298.84
25N04506	1	Lane7	2335FYLT4	ILLUMINA	7	25N04506	25N04506_Lane7	fastqs/LOSH_009/L_25N04506_CKDL250033621-1A_2335FYLT4_L7_1.fq.gz	fastqs/LOSH_009/L_25N04506_CKDL250033621-1A_2335FYLT4_L7_2.fq.gz	4968999.32	4895042.219
25N04507	1	Lane7	2335FYLT4	ILLUMINA	7	25N04507	25N04507_Lane7	fastqs/LOSH_009/L_25N04507_CKDL250033621-1A_2335FYLT4_L7_1.fq.gz	fastqs/LOSH_009/L_25N04507_CKDL250033621-1A_2335FYLT4_L7_2.fq.gz	3385076.486	3333593.248
25N04508	1	Lane7	2335FYLT4	ILLUMINA	7	25N04508	25N04508_Lane7	fastqs/LOSH_009/L_25N04508_CKDL250033621-1A_2335FYLT4_L7_1.fq.gz	fastqs/LOSH_009/L_25N04508_CKDL250033621-1A_2335FYLT4_L7_2.fq.gz	4878893.327	4771626.918
25N04509	1	Lane7	2335FYLT4	ILLUMINA	7	25N04509	25N04509_Lane7	fastqs/LOSH_009/L_25N04509_CKDL250033621-1A_2335FYLT4_L7_1.fq.gz	fastqs/LOSH_009/L_25N04509_CKDL250033621-1A_2335FYLT4_L7_2.fq.gz	3872434.265	3805694.354
25N04510	1	Lane4	2332T2LT4	ILLUMINA	4	25N04510	25N04510_Lane4	fastqs/LOSH_011/L_25N04510_CKDL250033623-1A_2332T2LT4_L4_1.fq.gz	fastqs/LOSH_011/L_25N04510_CKDL250033623-1A_2332T2LT4_L4_2.fq.gz	3740904.73	3681514.774
25N04511	1	Lane7	2335FYLT4	ILLUMINA	7	25N04511	25N04511_Lane7	fastqs/LOSH_009/L_25N04511_CKDL250033621-1A_2335FYLT4_L7_1.fq.gz	fastqs/LOSH_009/L_25N04511_CKDL250033621-1A_2335FYLT4_L7_2.fq.gz	3871555.53	3806484.807
25N04512	1	Lane7	2335FYLT4	ILLUMINA	7	25N04512	25N04512_Lane7	fastqs/LOSH_009/L_25N04512_CKDL250033621-1A_2335FYLT4_L7_1.fq.gz	fastqs/LOSH_009/L_25N04512_CKDL250033621-1A_2335FYLT4_L7_2.fq.gz	3925781.737	3861150.911
25N04513	1	Lane5	2332T2LT4	ILLUMINA	5	25N04513	25N04513_Lane5	fastqs/LOSH_010/L_25N04513_CKDL250033622-1A_2332T2LT4_L5_1.fq.gz	fastqs/LOSH_010/L_25N04513_CKDL250033622-1A_2332T2LT4_L5_2.fq.gz	7687524.153	7561304.854
25N04514	1	Lane5	2332T2LT4	ILLUMINA	5	25N04514	25N04514_Lane5	fastqs/LOSH_010/L_25N04514_CKDL250033622-1A_2332T2LT4_L5_1.fq.gz	fastqs/LOSH_010/L_25N04514_CKDL250033622-1A_2332T2LT4_L5_2.fq.gz	4579213.296	4462604.603
25N04515	1	Lane4	2332T2LT4	ILLUMINA	4	25N04515	25N04515_Lane4	fastqs/LOSH_011/L_25N04515_CKDL250033623-1A_2332T2LT4_L4_1.fq.gz	fastqs/LOSH_011/L_25N04515_CKDL250033623-1A_2332T2LT4_L4_2.fq.gz	4666786.598	4560702.701
25N04516	1	Lane7	2335FYLT4	ILLUMINA	7	25N04516	25N04516_Lane7	fastqs/LOSH_009/L_25N04516_CKDL250033621-1A_2335FYLT4_L7_1.fq.gz	fastqs/LOSH_009/L_25N04516_CKDL250033621-1A_2335FYLT4_L7_2.fq.gz	3495162.149	3445097.477
25N04517	1	Lane7	2335FYLT4	ILLUMINA	7	25N04517	25N04517_Lane7	fastqs/LOSH_009/L_25N04517_CKDL250033621-1A_2335FYLT4_L7_1.fq.gz	fastqs/LOSH_009/L_25N04517_CKDL250033621-1A_2335FYLT4_L7_2.fq.gz	4435707.478	4344331.321
25N04518	1	Lane5	2332T2LT4	ILLUMINA	5	25N04518	25N04518_Lane5	fastqs/LOSH_010/L_25N04518_CKDL250033622-1A_2332T2LT4_L5_1.fq.gz	fastqs/LOSH_010/L_25N04518_CKDL250033622-1A_2332T2LT4_L5_2.fq.gz	4159303.637	4086668.243
25N04519	1	Lane5	2332T2LT4	ILLUMINA	5	25N04519	25N04519_Lane5	fastqs/LOSH_010/L_25N04519_CKDL250033622-1A_2332T2LT4_L5_1.fq.gz	fastqs/LOSH_010/L_25N04519_CKDL250033622-1A_2332T2LT4_L5_2.fq.gz	8785375.095	8590503.529
25N04520	1	Lane7	2335FYLT4	ILLUMINA	7	25N04520	25N04520_Lane7	fastqs/LOSH_009/L_25N04520_CKDL250033621-1A_2335FYLT4_L7_1.fq.gz	fastqs/LOSH_009/L_25N04520_CKDL250033621-1A_2335FYLT4_L7_2.fq.gz	5069931.438	4957945.942
25N04521	1	Lane5	2332T2LT4	ILLUMINA	5	25N04521	25N04521_Lane5	fastqs/LOSH_010/L_25N04521_CKDL250033622-1A_2332T2LT4_L5_1.fq.gz	fastqs/LOSH_010/L_25N04521_CKDL250033622-1A_2332T2LT4_L5_2.fq.gz	6370381.708	6194437.399
25N04522	1	Lane7	2335FYLT4	ILLUMINA	7	25N04522	25N04522_Lane7	fastqs/LOSH_009/L_25N04522_CKDL250033621-1A_2335FYLT4_L7_1.fq.gz	fastqs/LOSH_009/L_25N04522_CKDL250033621-1A_2335FYLT4_L7_2.fq.gz	5042894.519	4949031.998
25N04523	1	Lane7	2335FYLT4	ILLUMINA	7	25N04523	25N04523_Lane7	fastqs/LOSH_009/L_25N04523_CKDL250033621-1A_2335FYLT4_L7_1.fq.gz	fastqs/LOSH_009/L_25N04523_CKDL250033621-1A_2335FYLT4_L7_2.fq.gz	5633616.077	5521015.249
25N04524	1	Lane5	2332T2LT4	ILLUMINA	5	25N04524	25N04524_Lane5	fastqs/LOSH_010/L_25N04524_CKDL250033622-1A_2332T2LT4_L5_1.fq.gz	fastqs/LOSH_010/L_25N04524_CKDL250033622-1A_2332T2LT4_L5_2.fq.gz	3826275.766	3751347.397
25N04525	1	Lane5	2332T2LT4	ILLUMINA	5	25N04525	25N04525_Lane5	fastqs/LOSH_010/L_25N04525_CKDL250033622-1A_2332T2LT4_L5_1.fq.gz	fastqs/LOSH_010/L_25N04525_CKDL250033622-1A_2332T2LT4_L5_2.fq.gz	3088545.153	2998449.708
25N04526	1	Lane7	2335FYLT4	ILLUMINA	7	25N04526	25N04526_Lane7	fastqs/LOSH_009/L_25N04526_CKDL250033621-1A_2335FYLT4_L7_1.fq.gz	fastqs/LOSH_009/L_25N04526_CKDL250033621-1A_2335FYLT4_L7_2.fq.gz	3010605.283	2937046.027
25N04527	1	Lane5	2332T2LT4	ILLUMINA	5	25N04527	25N04527_Lane5	fastqs/LOSH_010/L_25N04527_CKDL250033622-1A_2332T2LT4_L5_1.fq.gz	fastqs/LOSH_010/L_25N04527_CKDL250033622-1A_2332T2LT4_L5_2.fq.gz	3453071.463	3370792.841
25N04528	1	Lane5	2332T2LT4	ILLUMINA	5	25N04528	25N04528_Lane5	fastqs/LOSH_010/L_25N04528_CKDL250033622-1A_2332T2LT4_L5_1.fq.gz	fastqs/LOSH_010/L_25N04528_CKDL250033622-1A_2332T2LT4_L5_2.fq.gz	3467824.733	3373418.687
25N04529	1	Lane5	2332T2LT4	ILLUMINA	5	25N04529	25N04529_Lane5	fastqs/LOSH_010/L_25N04529_CKDL250033622-1A_2332T2LT4_L5_1.fq.gz	fastqs/LOSH_010/L_25N04529_CKDL250033622-1A_2332T2LT4_L5_2.fq.gz	7698900.469	7526037.959
25N04531	1	Lane5	2332T2LT4	ILLUMINA	5	25N04531	25N04531_Lane5	fastqs/LOSH_010/L_25N04531_CKDL250033622-1A_2332T2LT4_L5_1.fq.gz	fastqs/LOSH_010/L_25N04531_CKDL250033622-1A_2332T2LT4_L5_2.fq.gz	7569969.704	7417260.028
25N04532	1	Lane5	2332T2LT4	ILLUMINA	5	25N04532	25N04532_Lane5	fastqs/LOSH_010/L_25N04532_CKDL250033622-1A_2332T2LT4_L5_1.fq.gz	fastqs/LOSH_010/L_25N04532_CKDL250033622-1A_2332T2LT4_L5_2.fq.gz	3935392.935	3851295.957
25N04533	1	Lane7	2335FYLT4	ILLUMINA	7	25N04533	25N04533_Lane7	fastqs/LOSH_009/L_25N04533_CKDL250033621-1A_2335FYLT4_L7_1.fq.gz	fastqs/LOSH_009/L_25N04533_CKDL250033621-1A_2335FYLT4_L7_2.fq.gz	4158434.745	4016518.893
25N04535	1	Lane7	2335FYLT4	ILLUMINA	7	25N04535	25N04535_Lane7	fastqs/LOSH_009/L_25N04535_CKDL250033621-1A_2335FYLT4_L7_1.fq.gz	fastqs/LOSH_009/L_25N04535_CKDL250033621-1A_2335FYLT4_L7_2.fq.gz	3159200.024	3086073.96
25N04537	1	Lane5	2332T2LT4	ILLUMINA	5	25N04537	25N04537_Lane5	fastqs/LOSH_010/L_25N04537_CKDL250033622-1A_2332T2LT4_L5_1.fq.gz	fastqs/LOSH_010/L_25N04537_CKDL250033622-1A_2332T2LT4_L5_2.fq.gz	3525006.746	3449554.261
25N04538	1	Lane7	2335FYLT4	ILLUMINA	7	25N04538	25N04538_Lane7	fastqs/LOSH_009/L_25N04538_CKDL250033621-1A_2335FYLT4_L7_1.fq.gz	fastqs/LOSH_009/L_25N04538_CKDL250033621-1A_2335FYLT4_L7_2.fq.gz	4599260.425	4492585.816
25N04539	1	Lane5	2332T2LT4	ILLUMINA	5	25N04539	25N04539_Lane5	fastqs/LOSH_010/L_25N04539_CKDL250033622-1A_2332T2LT4_L5_1.fq.gz	fastqs/LOSH_010/L_25N04539_CKDL250033622-1A_2332T2LT4_L5_2.fq.gz	5715504.704	5596447.34
25N04540	1	Lane4	2332T2LT4	ILLUMINA	4	25N04540	25N04540_Lane4	fastqs/LOSH_011/L_25N04540_CKDL250033623-1A_2332T2LT4_L4_1.fq.gz	fastqs/LOSH_011/L_25N04540_CKDL250033623-1A_2332T2LT4_L4_2.fq.gz	4366093.011	4312609.053
25N04541	1	Lane4	2332T2LT4	ILLUMINA	4	25N04541	25N04541_Lane4	fastqs/LOSH_011/L_25N04541_CKDL250033623-1A_2332T2LT4_L4_1.fq.gz	fastqs/LOSH_011/L_25N04541_CKDL250033623-1A_2332T2LT4_L4_2.fq.gz	5021812.206	4996515.907
25N04542	1	Lane5	2332T2LT4	ILLUMINA	5	25N04542	25N04542_Lane5	fastqs/LOSH_010/L_25N04542_CKDL250033622-1A_2332T2LT4_L5_1.fq.gz	fastqs/LOSH_010/L_25N04542_CKDL250033622-1A_2332T2LT4_L5_2.fq.gz	8996197.338	8786881.687
25N04543	1	Lane7	2335FYLT4	ILLUMINA	7	25N04543	25N04543_Lane7	fastqs/LOSH_009/L_25N04543_CKDL250033621-1A_2335FYLT4_L7_1.fq.gz	fastqs/LOSH_009/L_25N04543_CKDL250033621-1A_2335FYLT4_L7_2.fq.gz	4179130.448	4130023.651
25N04544	1	Lane7	2335FYLT4	ILLUMINA	7	25N04544	25N04544_Lane7	fastqs/LOSH_009/L_25N04544_CKDL250033621-1A_2335FYLT4_L7_1.fq.gz	fastqs/LOSH_009/L_25N04544_CKDL250033621-1A_2335FYLT4_L7_2.fq.gz	5101677.439	5029608.602
25N04545	1	Lane7	2335FYLT4	ILLUMINA	7	25N04545	25N04545_Lane7	fastqs/LOSH_009/L_25N04545_CKDL250033621-1A_2335FYLT4_L7_1.fq.gz	fastqs/LOSH_009/L_25N04545_CKDL250033621-1A_2335FYLT4_L7_2.fq.gz	7197078.166	7030868.423
25N04546	1	Lane4	2332T2LT4	ILLUMINA	4	25N04546	25N04546_Lane4	fastqs/LOSH_011/L_25N04546_CKDL250033623-1A_2332T2LT4_L4_1.fq.gz	fastqs/LOSH_011/L_25N04546_CKDL250033623-1A_2332T2LT4_L4_2.fq.gz	6860879.529	6732652.591
25N04547	1	Lane7	2335FYLT4	ILLUMINA	7	25N04547	25N04547_Lane7	fastqs/LOSH_009/L_25N04547_CKDL250033621-1A_2335FYLT4_L7_1.fq.gz	fastqs/LOSH_009/L_25N04547_CKDL250033621-1A_2335FYLT4_L7_2.fq.gz	3510156.288	3433458.901
25N04548	1	Lane5	2332T2LT4	ILLUMINA	5	25N04548	25N04548_Lane5	fastqs/LOSH_010/L_25N04548_CKDL250033622-1A_2332T2LT4_L5_1.fq.gz	fastqs/LOSH_010/L_25N04548_CKDL250033622-1A_2332T2LT4_L5_2.fq.gz	8032281.896	7822660.437
25N04549	1	Lane7	2335FYLT4	ILLUMINA	7	25N04549	25N04549_Lane7	fastqs/LOSH_009/L_25N04549_CKDL250033621-1A_2335FYLT4_L7_1.fq.gz	fastqs/LOSH_009/L_25N04549_CKDL250033621-1A_2335FYLT4_L7_2.fq.gz	3139154.992	3077527.502
25N04550	1	Lane7	2335FYLT4	ILLUMINA	7	25N04550	25N04550_Lane7	fastqs/LOSH_009/L_25N04550_CKDL250033621-1A_2335FYLT4_L7_1.fq.gz	fastqs/LOSH_009/L_25N04550_CKDL250033621-1A_2335FYLT4_L7_2.fq.gz	4492440.615	4410416.916
25N04551	1	Lane4	2332T2LT4	ILLUMINA	4	25N04551	25N04551_Lane4	fastqs/LOSH_011/L_25N04551_CKDL250033623-1A_2332T2LT4_L4_1.fq.gz	fastqs/LOSH_011/L_25N04551_CKDL250033623-1A_2332T2LT4_L4_2.fq.gz	6299734.685	6173251.28
25N04552	1	Lane7	2335FYLT4	ILLUMINA	7	25N04552	25N04552_Lane7	fastqs/LOSH_009/L_25N04552_CKDL250033621-1A_2335FYLT4_L7_1.fq.gz	fastqs/LOSH_009/L_25N04552_CKDL250033621-1A_2335FYLT4_L7_2.fq.gz	4468843.028	4386681.226
25N04553	1	Lane5	2332T2LT4	ILLUMINA	5	25N04553	25N04553_Lane5	fastqs/LOSH_010/L_25N04553_CKDL250033622-1A_2332T2LT4_L5_1.fq.gz	fastqs/LOSH_010/L_25N04553_CKDL250033622-1A_2332T2LT4_L5_2.fq.gz	6544723.487	6404028.341
25N04554	1	Lane7	2335FYLT4	ILLUMINA	7	25N04554	25N04554_Lane7	fastqs/LOSH_009/L_25N04554_CKDL250033621-1A_2335FYLT4_L7_1.fq.gz	fastqs/LOSH_009/L_25N04554_CKDL250033621-1A_2335FYLT4_L7_2.fq.gz	9565485.903	9380895.731
25N04555	1	Lane7	2335FYLT4	ILLUMINA	7	25N04555	25N04555_Lane7	fastqs/LOSH_009/L_25N04555_CKDL250033621-1A_2335FYLT4_L7_1.fq.gz	fastqs/LOSH_009/L_25N04555_CKDL250033621-1A_2335FYLT4_L7_2.fq.gz	6603890.066	6313971.911
25N04556	1	Lane4	2332T2LT4	ILLUMINA	4	25N04556	25N04556_Lane4	fastqs/LOSH_011/L_25N04556_CKDL250033623-1A_2332T2LT4_L4_1.fq.gz	fastqs/LOSH_011/L_25N04556_CKDL250033623-1A_2332T2LT4_L4_2.fq.gz	6001271.183	5899920.027
25N04557	1	Lane7	2335FYLT4	ILLUMINA	7	25N04557	25N04557_Lane7	fastqs/LOSH_009/L_25N04557_CKDL250033621-1A_2335FYLT4_L7_1.fq.gz	fastqs/LOSH_009/L_25N04557_CKDL250033621-1A_2335FYLT4_L7_2.fq.gz	4388458.1	4247983.456
25N04558	1	Lane5	2332T2LT4	ILLUMINA	5	25N04558	25N04558_Lane5	fastqs/LOSH_010/L_25N04558_CKDL250033622-1A_2332T2LT4_L5_1.fq.gz	fastqs/LOSH_010/L_25N04558_CKDL250033622-1A_2332T2LT4_L5_2.fq.gz	7932741.803	7806153.989
25N04559	1	Lane7	2335FYLT4	ILLUMINA	7	25N04559	25N04559_Lane7	fastqs/LOSH_009/L_25N04559_CKDL250033621-1A_2335FYLT4_L7_1.fq.gz	fastqs/LOSH_009/L_25N04559_CKDL250033621-1A_2335FYLT4_L7_2.fq.gz	3209142.417	3127163.935
25N04560	1	Lane7	2335FYLT4	ILLUMINA	7	25N04560	25N04560_Lane7	fastqs/LOSH_009/L_25N04560_CKDL250033621-1A_2335FYLT4_L7_1.fq.gz	fastqs/LOSH_009/L_25N04560_CKDL250033621-1A_2335FYLT4_L7_2.fq.gz	5983805.595	5884114.176
25N04562	1	Lane7	2335FYLT4	ILLUMINA	7	25N04562	25N04562_Lane7	fastqs/LOSH_009/L_25N04562_CKDL250033621-1A_2335FYLT4_L7_1.fq.gz	fastqs/LOSH_009/L_25N04562_CKDL250033621-1A_2335FYLT4_L7_2.fq.gz	6404358.57	6248954.929
25N04563	1	Lane5	2332T2LT4	ILLUMINA	5	25N04563	25N04563_Lane5	fastqs/LOSH_010/L_25N04563_CKDL250033622-1A_2332T2LT4_L5_1.fq.gz	fastqs/LOSH_010/L_25N04563_CKDL250033622-1A_2332T2LT4_L5_2.fq.gz	4227185.127	4106596.789
25N04564	1	Lane7	2335FYLT4	ILLUMINA	7	25N04564	25N04564_Lane7	fastqs/LOSH_009/L_25N04564_CKDL250033621-1A_2335FYLT4_L7_1.fq.gz	fastqs/LOSH_009/L_25N04564_CKDL250033621-1A_2335FYLT4_L7_2.fq.gz	3601562.54	3530133.748
25N04565	1	Lane5	2332T2LT4	ILLUMINA	5	25N04565	25N04565_Lane5	fastqs/LOSH_010/L_25N04565_CKDL250033622-1A_2332T2LT4_L5_1.fq.gz	fastqs/LOSH_010/L_25N04565_CKDL250033622-1A_2332T2LT4_L5_2.fq.gz	10183133.289	9931254.686
25N04566	1	Lane4	2332T2LT4	ILLUMINA	4	25N04566	25N04566_Lane4	fastqs/LOSH_011/L_25N04566_CKDL250033623-1A_2332T2LT4_L4_1.fq.gz	fastqs/LOSH_011/L_25N04566_CKDL250033623-1A_2332T2LT4_L4_2.fq.gz	5061403.364	4931559.247
25N04567	1	Lane5	2332T2LT4	ILLUMINA	5	25N04567	25N04567_Lane5	fastqs/LOSH_010/L_25N04567_CKDL250033622-1A_2332T2LT4_L5_1.fq.gz	fastqs/LOSH_010/L_25N04567_CKDL250033622-1A_2332T2LT4_L5_2.fq.gz	3328632.072	3232534.275
25N04568	1	Lane5	2332T2LT4	ILLUMINA	5	25N04568	25N04568_Lane5	fastqs/LOSH_010/L_25N04568_CKDL250033622-1A_2332T2LT4_L5_1.fq.gz	fastqs/LOSH_010/L_25N04568_CKDL250033622-1A_2332T2LT4_L5_2.fq.gz	5856833.312	5739210.507
25N04569	1	Lane4	2332T2LT4	ILLUMINA	4	25N04569	25N04569_Lane4	fastqs/LOSH_011/L_25N04569_CKDL250033623-1A_2332T2LT4_L4_1.fq.gz	fastqs/LOSH_011/L_25N04569_CKDL250033623-1A_2332T2LT4_L4_2.fq.gz	4042527.017	3952823.895
25N04570	1	Lane5	2332T2LT4	ILLUMINA	5	25N04570	25N04570_Lane5	fastqs/LOSH_010/L_25N04570_CKDL250033622-1A_2332T2LT4_L5_1.fq.gz	fastqs/LOSH_010/L_25N04570_CKDL250033622-1A_2332T2LT4_L5_2.fq.gz	6183017.566	6000677.674
25N04571	1	Lane4	2332T2LT4	ILLUMINA	4	25N04571	25N04571_Lane4	fastqs/LOSH_011/L_25N04571_CKDL250033623-1A_2332T2LT4_L4_1.fq.gz	fastqs/LOSH_011/L_25N04571_CKDL250033623-1A_2332T2LT4_L4_2.fq.gz	5013559.027	4904894.914
25N04572	1	Lane4	2332T2LT4	ILLUMINA	4	25N04572	25N04572_Lane4	fastqs/LOSH_011/L_25N04572_CKDL250033623-1A_2332T2LT4_L4_1.fq.gz	fastqs/LOSH_011/L_25N04572_CKDL250033623-1A_2332T2LT4_L4_2.fq.gz	5351991.676	5220498.277
25N04573	1	Lane5	2332T2LT4	ILLUMINA	5	25N04573	25N04573_Lane5	fastqs/LOSH_010/L_25N04573_CKDL250033622-1A_2332T2LT4_L5_1.fq.gz	fastqs/LOSH_010/L_25N04573_CKDL250033622-1A_2332T2LT4_L5_2.fq.gz	4370399.699	4254801.737
25N04574	1	Lane5	2332T2LT4	ILLUMINA	5	25N04574	25N04574_Lane5	fastqs/LOSH_010/L_25N04574_CKDL250033622-1A_2332T2LT4_L5_1.fq.gz	fastqs/LOSH_010/L_25N04574_CKDL250033622-1A_2332T2LT4_L5_2.fq.gz	5651858.447	5529863.051
25N04575	1	Lane7	2335FYLT4	ILLUMINA	7	25N04575	25N04575_Lane7	fastqs/LOSH_009/L_25N04575_CKDL250033621-1A_2335FYLT4_L7_1.fq.gz	fastqs/LOSH_009/L_25N04575_CKDL250033621-1A_2335FYLT4_L7_2.fq.gz	7995439.343	7844570.438
25N04576	1	Lane4	2332T2LT4	ILLUMINA	4	25N04576	25N04576_Lane4	fastqs/LOSH_011/L_25N04576_CKDL250033623-1A_2332T2LT4_L4_1.fq.gz	fastqs/LOSH_011/L_25N04576_CKDL250033623-1A_2332T2LT4_L4_2.fq.gz	6802534.137	6697906.853
25N04577	1	Lane4	2332T2LT4	ILLUMINA	4	25N04577	25N04577_Lane4	fastqs/LOSH_011/L_25N04577_CKDL250033623-1A_2332T2LT4_L4_1.fq.gz	fastqs/LOSH_011/L_25N04577_CKDL250033623-1A_2332T2LT4_L4_2.fq.gz	5005597.212	4914284.137
25N04579	1	Lane7	2335FYLT4	ILLUMINA	7	25N04579	25N04579_Lane7	fastqs/LOSH_009/L_25N04579_CKDL250033621-1A_2335FYLT4_L7_1.fq.gz	fastqs/LOSH_009/L_25N04579_CKDL250033621-1A_2335FYLT4_L7_2.fq.gz	3820888.837	3766687.969
25N04580	1	Lane7	2335FYLT4	ILLUMINA	7	25N04580	25N04580_Lane7	fastqs/LOSH_009/L_25N04580_CKDL250033621-1A_2335FYLT4_L7_1.fq.gz	fastqs/LOSH_009/L_25N04580_CKDL250033621-1A_2335FYLT4_L7_2.fq.gz	6254745.958	6116818.307
25N04581	1	Lane7	2335FYLT4	ILLUMINA	7	25N04581	25N04581_Lane7	fastqs/LOSH_009/L_25N04581_CKDL250033621-1A_2335FYLT4_L7_1.fq.gz	fastqs/LOSH_009/L_25N04581_CKDL250033621-1A_2335FYLT4_L7_2.fq.gz	4637576.144	4529874.345
25N04582	1	Lane7	2335FYLT4	ILLUMINA	7	25N04582	25N04582_Lane7	fastqs/LOSH_009/L_25N04582_CKDL250033621-1A_2335FYLT4_L7_1.fq.gz	fastqs/LOSH_009/L_25N04582_CKDL250033621-1A_2335FYLT4_L7_2.fq.gz	6063538.508	5943866.427
25N04583	1	Lane4	2332T2LT4	ILLUMINA	4	25N04583	25N04583_Lane4	fastqs/LOSH_011/L_25N04583_CKDL250033623-1A_2332T2LT4_L4_1.fq.gz	fastqs/LOSH_011/L_25N04583_CKDL250033623-1A_2332T2LT4_L4_2.fq.gz	5590768.715	5486481.621
25N04584	1	Lane5	2332T2LT4	ILLUMINA	5	25N04584	25N04584_Lane5	fastqs/LOSH_010/L_25N04584_CKDL250033622-1A_2332T2LT4_L5_1.fq.gz	fastqs/LOSH_010/L_25N04584_CKDL250033622-1A_2332T2LT4_L5_2.fq.gz	2951044.688	2882837.156
25N04586	1	Lane4	2332T2LT4	ILLUMINA	4	25N04586	25N04586_Lane4	fastqs/LOSH_011/L_25N04586_CKDL250033623-1A_2332T2LT4_L4_1.fq.gz	fastqs/LOSH_011/L_25N04586_CKDL250033623-1A_2332T2LT4_L4_2.fq.gz	3713464.161	3613910.162
25N04587	1	Lane4	2332T2LT4	ILLUMINA	4	25N04587	25N04587_Lane4	fastqs/LOSH_011/L_25N04587_CKDL250033623-1A_2332T2LT4_L4_1.fq.gz	fastqs/LOSH_011/L_25N04587_CKDL250033623-1A_2332T2LT4_L4_2.fq.gz	4833067.052	4785467.899
25N04589	1	Lane7	2335FYLT4	ILLUMINA	7	25N04589	25N04589_Lane7	fastqs/LOSH_009/L_25N04589_CKDL250033621-1A_2335FYLT4_L7_1.fq.gz	fastqs/LOSH_009/L_25N04589_CKDL250033621-1A_2335FYLT4_L7_2.fq.gz	5454823.354	5299655.794
25N04590	1	Lane7	2335FYLT4	ILLUMINA	7	25N04590	25N04590_Lane7	fastqs/LOSH_009/L_25N04590_CKDL250033621-1A_2335FYLT4_L7_1.fq.gz	fastqs/LOSH_009/L_25N04590_CKDL250033621-1A_2335FYLT4_L7_2.fq.gz	5959527.166	5805972.395
25N04592	1	Lane4	2332T2LT4	ILLUMINA	4	25N04592	25N04592_Lane4	fastqs/LOSH_011/L_25N04592_CKDL250033623-1A_2332T2LT4_L4_1.fq.gz	fastqs/LOSH_011/L_25N04592_CKDL250033623-1A_2332T2LT4_L4_2.fq.gz	7345802.917	7211668.531
25N04593	1	Lane4	2332T2LT4	ILLUMINA	4	25N04593	25N04593_Lane4	fastqs/LOSH_011/L_25N04593_CKDL250033623-1A_2332T2LT4_L4_1.fq.gz	fastqs/LOSH_011/L_25N04593_CKDL250033623-1A_2332T2LT4_L4_2.fq.gz	6602671.951	6517431.521
25N04594	1	Lane4	2332T2LT4	ILLUMINA	4	25N04594	25N04594_Lane4	fastqs/LOSH_011/L_25N04594_CKDL250033623-1A_2332T2LT4_L4_1.fq.gz	fastqs/LOSH_011/L_25N04594_CKDL250033623-1A_2332T2LT4_L4_2.fq.gz	6748695.789	6654183.955
25N04597	1	Lane4	2332T2LT4	ILLUMINA	4	25N04597	25N04597_Lane4	fastqs/LOSH_011/L_25N04597_CKDL250033623-1A_2332T2LT4_L4_1.fq.gz	fastqs/LOSH_011/L_25N04597_CKDL250033623-1A_2332T2LT4_L4_2.fq.gz	6030949.006	5935672.153
25N04598	1	Lane5	2332T2LT4	ILLUMINA	5	25N04598	25N04598_Lane5	fastqs/LOSH_010/L_25N04598_CKDL250033622-1A_2332T2LT4_L5_1.fq.gz	fastqs/LOSH_010/L_25N04598_CKDL250033622-1A_2332T2LT4_L5_2.fq.gz	5665306.581	5596239.996
25N04599	1	Lane5	2332T2LT4	ILLUMINA	5	25N04599	25N04599_Lane5	fastqs/LOSH_010/L_25N04599_CKDL250033622-1A_2332T2LT4_L5_1.fq.gz	fastqs/LOSH_010/L_25N04599_CKDL250033622-1A_2332T2LT4_L5_2.fq.gz	6436831.282	6326282.495
25N04600	1	Lane4	2332T2LT4	ILLUMINA	4	25N04600	25N04600_Lane4	fastqs/LOSH_011/L_25N04600_CKDL250033623-1A_2332T2LT4_L4_1.fq.gz	fastqs/LOSH_011/L_25N04600_CKDL250033623-1A_2332T2LT4_L4_2.fq.gz	6491124.128	6428903.954
25N04601	1	Lane4	2332T2LT4	ILLUMINA	4	25N04601	25N04601_Lane4	fastqs/LOSH_011/L_25N04601_CKDL250033623-1A_2332T2LT4_L4_1.fq.gz	fastqs/LOSH_011/L_25N04601_CKDL250033623-1A_2332T2LT4_L4_2.fq.gz	6266070.665	6181393.93
25N04602	1	Lane4	2332T2LT4	ILLUMINA	4	25N04602	25N04602_Lane4	fastqs/LOSH_011/L_25N04602_CKDL250033623-1A_2332T2LT4_L4_1.fq.gz	fastqs/LOSH_011/L_25N04602_CKDL250033623-1A_2332T2LT4_L4_2.fq.gz	6172539.758	6064205.876
25N04604	1	Lane5	2332T2LT4	ILLUMINA	5	25N04604	25N04604_Lane5	fastqs/LOSH_010/L_25N04604_CKDL250033622-1A_2332T2LT4_L5_1.fq.gz	fastqs/LOSH_010/L_25N04604_CKDL250033622-1A_2332T2LT4_L5_2.fq.gz	9114134.692	8976628.607
25N04605	1	Lane5	2332T2LT4	ILLUMINA	5	25N04605	25N04605_Lane5	fastqs/LOSH_010/L_25N04605_CKDL250033622-1A_2332T2LT4_L5_1.fq.gz	fastqs/LOSH_010/L_25N04605_CKDL250033622-1A_2332T2LT4_L5_2.fq.gz	8705570.001	8570843.969
25N04606	1	Lane5	2332T2LT4	ILLUMINA	5	25N04606	25N04606_Lane5	fastqs/LOSH_010/L_25N04606_CKDL250033622-1A_2332T2LT4_L5_1.fq.gz	fastqs/LOSH_010/L_25N04606_CKDL250033622-1A_2332T2LT4_L5_2.fq.gz	4661968.57	4613874.996
25N04607	1	Lane4	2332T2LT4	ILLUMINA	4	25N04607	25N04607_Lane4	fastqs/LOSH_011/L_25N04607_CKDL250033623-1A_2332T2LT4_L4_1.fq.gz	fastqs/LOSH_011/L_25N04607_CKDL250033623-1A_2332T2LT4_L4_2.fq.gz	3749648.001	3670909.051
25N26246	1	Lane4	2332T2LT4	ILLUMINA	4	25N26246	25N26246_Lane4	fastqs/LOSH_011/L_25N26246_CKDL250033623-1A_2332T2LT4_L4_1.fq.gz	fastqs/LOSH_011/L_25N26246_CKDL250033623-1A_2332T2LT4_L4_2.fq.gz	7155243.88	7034451.696
25N26247	1	Lane4	2332T2LT4	ILLUMINA	4	25N26247	25N26247_Lane4	fastqs/LOSH_011/L_25N26247_CKDL250033623-1A_2332T2LT4_L4_1.fq.gz	fastqs/LOSH_011/L_25N26247_CKDL250033623-1A_2332T2LT4_L4_2.fq.gz	8017183.065	7831527.51
25N26248	1	Lane4	2332T2LT4	ILLUMINA	4	25N26248	25N26248_Lane4	fastqs/LOSH_011/L_25N26248_CKDL250033623-1A_2332T2LT4_L4_1.fq.gz	fastqs/LOSH_011/L_25N26248_CKDL250033623-1A_2332T2LT4_L4_2.fq.gz	6864772.923	6680714.296
25N26250	1	Lane4	2332T2LT4	ILLUMINA	4	25N26250	25N26250_Lane4	fastqs/LOSH_011/L_25N26250_CKDL250033623-1A_2332T2LT4_L4_1.fq.gz	fastqs/LOSH_011/L_25N26250_CKDL250033623-1A_2332T2LT4_L4_2.fq.gz	6085487.849	5977654.183
25N26251	1	Lane4	2332T2LT4	ILLUMINA	4	25N26251	25N26251_Lane4	fastqs/LOSH_011/L_25N26251_CKDL250033623-1A_2332T2LT4_L4_1.fq.gz	fastqs/LOSH_011/L_25N26251_CKDL250033623-1A_2332T2LT4_L4_2.fq.gz	6194447.044	6090097.798
25N26252	1	Lane5	2332T2LT4	ILLUMINA	5	25N26252	25N26252_Lane5	fastqs/LOSH_010/L_25N26252_CKDL250033622-1A_2332T2LT4_L5_1.fq.gz	fastqs/LOSH_010/L_25N26252_CKDL250033622-1A_2332T2LT4_L5_2.fq.gz	2716854.568	2667366.154
25N26254	1	Lane4	2332T2LT4	ILLUMINA	4	25N26254	25N26254_Lane4	fastqs/LOSH_011/L_25N26254_CKDL250033623-1A_2332T2LT4_L4_1.fq.gz	fastqs/LOSH_011/L_25N26254_CKDL250033623-1A_2332T2LT4_L4_2.fq.gz	7380424.871	7262596.411
25N26255	1	Lane4	2332T2LT4	ILLUMINA	4	25N26255	25N26255_Lane4	fastqs/LOSH_011/L_25N26255_CKDL250033623-1A_2332T2LT4_L4_1.fq.gz	fastqs/LOSH_011/L_25N26255_CKDL250033623-1A_2332T2LT4_L4_2.fq.gz	7221406.238	7072754.494
25N26256	1	Lane4	2332T2LT4	ILLUMINA	4	25N26256	25N26256_Lane4	fastqs/LOSH_011/L_25N26256_CKDL250033623-1A_2332T2LT4_L4_1.fq.gz	fastqs/LOSH_011/L_25N26256_CKDL250033623-1A_2332T2LT4_L4_2.fq.gz	7159370.846	7039318.263
25N26257	1	Lane4	2332T2LT4	ILLUMINA	4	25N26257	25N26257_Lane4	fastqs/LOSH_011/L_25N26257_CKDL250033623-1A_2332T2LT4_L4_1.fq.gz	fastqs/LOSH_011/L_25N26257_CKDL250033623-1A_2332T2LT4_L4_2.fq.gz	5100996.908	4993084.61
25N26258	1	Lane4	2332T2LT4	ILLUMINA	4	25N26258	25N26258_Lane4	fastqs/LOSH_011/L_25N26258_CKDL250033623-1A_2332T2LT4_L4_1.fq.gz	fastqs/LOSH_011/L_25N26258_CKDL250033623-1A_2332T2LT4_L4_2.fq.gz	7611584.882	7457515.798
25N26261	1	Lane4	2332T2LT4	ILLUMINA	4	25N26261	25N26261_Lane4	fastqs/LOSH_011/L_25N26261_CKDL250033623-1A_2332T2LT4_L4_1.fq.gz	fastqs/LOSH_011/L_25N26261_CKDL250033623-1A_2332T2LT4_L4_2.fq.gz	6689579.742	6577913.862
25N26267	1	Lane4	2332T2LT4	ILLUMINA	4	25N26267	25N26267_Lane4	fastqs/LOSH_011/L_25N26267_CKDL250033623-1A_2332T2LT4_L4_1.fq.gz	fastqs/LOSH_011/L_25N26267_CKDL250033623-1A_2332T2LT4_L4_2.fq.gz	6824294.93	6744954.627
25N26268	1	Lane4	2332T2LT4	ILLUMINA	4	25N26268	25N26268_Lane4	fastqs/LOSH_011/L_25N26268_CKDL250033623-1A_2332T2LT4_L4_1.fq.gz	fastqs/LOSH_011/L_25N26268_CKDL250033623-1A_2332T2LT4_L4_2.fq.gz	7477807.83	7350758.985
25N26269	1	Lane4	2332T2LT4	ILLUMINA	4	25N26269	25N26269_Lane4	fastqs/LOSH_011/L_25N26269_CKDL250033623-1A_2332T2LT4_L4_1.fq.gz	fastqs/LOSH_011/L_25N26269_CKDL250033623-1A_2332T2LT4_L4_2.fq.gz	6909665.729	6792601.909
25N26270	1	Lane4	2332T2LT4	ILLUMINA	4	25N26270	25N26270_Lane4	fastqs/LOSH_011/L_25N26270_CKDL250033623-1A_2332T2LT4_L4_1.fq.gz	fastqs/LOSH_011/L_25N26270_CKDL250033623-1A_2332T2LT4_L4_2.fq.gz	6961438.041	6824853.944
25N26271	1	Lane5	2332T2LT4	ILLUMINA	5	25N26271	25N26271_Lane5	fastqs/LOSH_010/L_25N26271_CKDL250033622-1A_2332T2LT4_L5_1.fq.gz	fastqs/LOSH_010/L_25N26271_CKDL250033622-1A_2332T2LT4_L5_2.fq.gz	3316014.284	3255324.465
25N26273	1	Lane5	2332T2LT4	ILLUMINA	5	25N26273	25N26273_Lane5	fastqs/LOSH_010/L_25N26273_CKDL250033622-1A_2332T2LT4_L5_1.fq.gz	fastqs/LOSH_010/L_25N26273_CKDL250033622-1A_2332T2LT4_L5_2.fq.gz	3954220.254	3871909.558
25N26274	1	Lane5	2332T2LT4	ILLUMINA	5	25N26274	25N26274_Lane5	fastqs/LOSH_010/L_25N26274_CKDL250033622-1A_2332T2LT4_L5_1.fq.gz	fastqs/LOSH_010/L_25N26274_CKDL250033622-1A_2332T2LT4_L5_2.fq.gz	3661627.719	3607257.206
25N26275	1	Lane4	2332T2LT4	ILLUMINA	4	25N26275	25N26275_Lane4	fastqs/LOSH_011/L_25N26275_CKDL250033623-1A_2332T2LT4_L4_1.fq.gz	fastqs/LOSH_011/L_25N26275_CKDL250033623-1A_2332T2LT4_L4_2.fq.gz	7345555.321	7203544.654
25N26278	1	Lane4	2332T2LT4	ILLUMINA	4	25N26278	25N26278_Lane4	fastqs/LOSH_011/L_25N26278_CKDL250033623-1A_2332T2LT4_L4_1.fq.gz	fastqs/LOSH_011/L_25N26278_CKDL250033623-1A_2332T2LT4_L4_2.fq.gz	7237751.186	7092696.711
